mes,cuenta_id,marca,unidades,ingreso_neto,costo_mercancia
2024-07,D-001,Ron Defensor,20,2991900.0,2101500.0
2024-07,D-002,Ron Defensor,11,1645500.0,1155800.0
2024-08,D-001,Ron Defensor,59,8866400.0,6227600.0
2024-09,D-001,Ron Defensor,40,6038500.0,4241300.0
2024-09,D-003,Ron Defensor,38,5736600.0,4029300.0
2024-10,D-001,Ron Defensor,19,2880900.0,2023500.0
2024-10,D-004,Ron Defensor,20,3032600.0,2130000.0
2024-10,D-005,Ron Defensor,6,909800.0,639000.0
2024-11,D-001,Ron Defensor,26,3960300.0,2781600.0
2024-11,D-004,Ron Defensor,23,3503300.0,2460700.0
2024-12,D-001,Ron Defensor,27,4130800.0,2901400.0
2024-12,D-003,Ron Defensor,59,9026500.0,6340000.0
2024-12,D-004,Ron Defensor,16,2447900.0,1719300.0
2024-12,D-007,Ron Defensor,18,2753800.0,1934200.0
2024-12,D-009,Ron Defensor,37,5660700.0,3975900.0
2025-01,D-001,Ron Defensor,36,5532800.0,3886100.0
2025-01,D-007,Ron Defensor,4,614800.0,431800.0
2025-01,D-008,Ron Defensor,7,1075800.0,755600.0
2025-01,D-009,Ron Defensor,21,3227400.0,2266900.0
2025-01,D-010,Ron Defensor,22,3381100.0,2374800.0
2025-01,D-012,Ron Defensor,8,1229500.0,863600.0
2025-02,D-001,Ron Defensor,22,3396500.0,2385700.0
2025-02,D-002,Ron Defensor,5,771900.0,542200.0
2025-02,D-004,Ron Defensor,20,3087800.0,2168800.0
2025-02,D-007,Ron Defensor,7,1080700.0,759100.0
2025-02,D-008,Ron Defensor,9,1389500.0,976000.0
2025-02,D-009,Ron Defensor,18,2779000.0,1951900.0
2025-02,D-010,Ron Defensor,9,1389500.0,976000.0
2025-02,D-011,Ron Defensor,5,771900.0,542200.0
2025-02,D-012,Ron Defensor,5,771900.0,542200.0
2025-02,D-013,Ron Defensor,42,6484300.0,4554500.0
2025-02,D-016,Ron Defensor,6,926300.0,650600.0
2025-03,D-001,Ron Defensor,26,4030600.0,2831000.0
2025-03,D-003,Ron Defensor,25,3875600.0,2722100.0
2025-03,D-004,Ron Defensor,44,6821100.0,4791000.0
2025-03,D-007,Ron Defensor,6,930100.0,653300.0
2025-03,D-009,Ron Defensor,30,4650700.0,3266600.0
2025-03,D-012,Ron Defensor,14,2170300.0,1524400.0
2025-03,D-013,Ron Defensor,17,2635400.0,1851100.0
2025-03,D-014,Ron Defensor,14,2170300.0,1524400.0
2025-03,D-016,Ron Defensor,4,620100.0,435500.0
2025-03,D-018,Ron Defensor,11,1705300.0,1197700.0
2025-03,D-001,Marcel Thorel,36,3189100.0,2292100.0
2025-03,D-002,Marcel Thorel,5,442900.0,318400.0
2025-03,D-004,Marcel Thorel,22,1948900.0,1400800.0
2025-03,D-009,Marcel Thorel,47,4163500.0,2992500.0
2025-03,D-010,Marcel Thorel,20,1771700.0,1273400.0
2025-03,D-011,Marcel Thorel,11,974400.0,700400.0
2025-03,D-012,Marcel Thorel,37,3277600.0,2355800.0
2025-03,D-013,Marcel Thorel,25,2214600.0,1591800.0
2025-03,D-014,Marcel Thorel,10,885900.0,636700.0
2025-03,D-018,Marcel Thorel,9,797300.0,573000.0
2025-04,D-001,Ron Defensor,18,2803100.0,1968900.0
2025-04,D-002,Ron Defensor,12,1868800.0,1312600.0
2025-04,D-003,Ron Defensor,24,3737500.0,2625200.0
2025-04,D-004,Ron Defensor,18,2803100.0,1968900.0
2025-04,D-007,Ron Defensor,5,778700.0,546900.0
2025-04,D-009,Ron Defensor,18,2803100.0,1968900.0
2025-04,D-011,Ron Defensor,20,3114600.0,2187600.0
2025-04,D-012,Ron Defensor,16,2491700.0,1750100.0
2025-04,D-013,Ron Defensor,31,4827600.0,3390800.0
2025-04,D-015,Ron Defensor,18,2803100.0,1968900.0
2025-04,D-018,Ron Defensor,25,3893300.0,2734600.0
2025-04,D-019,Ron Defensor,16,2491700.0,1750100.0
2025-04,D-003,Marcel Thorel,18,1601800.0,1151300.0
2025-04,D-004,Marcel Thorel,53,4716400.0,3389900.0
2025-04,D-005,Marcel Thorel,12,1067900.0,767500.0
2025-04,D-006,Marcel Thorel,14,1245800.0,895500.0
2025-04,D-007,Marcel Thorel,11,978900.0,703600.0
2025-04,D-010,Marcel Thorel,22,1957800.0,1407100.0
2025-04,D-011,Marcel Thorel,11,978900.0,703600.0
2025-04,D-012,Marcel Thorel,22,1957800.0,1407100.0
2025-04,D-013,Marcel Thorel,28,2491700.0,1790900.0
2025-04,D-014,Marcel Thorel,11,978900.0,703600.0
2025-04,D-015,Marcel Thorel,26,2313700.0,1663000.0
2025-04,D-017,Marcel Thorel,14,1245800.0,895500.0
2025-04,D-019,Marcel Thorel,13,1156900.0,831500.0
2025-05,D-001,Ron Defensor,39,6100300.0,4284700.0
2025-05,D-003,Ron Defensor,33,5161800.0,3625500.0
2025-05,D-004,Ron Defensor,26,4066800.0,2856500.0
2025-05,D-005,Ron Defensor,9,1407800.0,988800.0
2025-05,D-007,Ron Defensor,7,1094900.0,769100.0
2025-05,D-011,Ron Defensor,5,782100.0,549300.0
2025-05,D-015,Ron Defensor,19,2971900.0,2087400.0
2025-05,D-021,Ron Defensor,7,1094900.0,769100.0
2025-05,D-001,Marcel Thorel,46,4111500.0,2955200.0
2025-05,D-002,Marcel Thorel,8,715100.0,513900.0
2025-05,D-004,Marcel Thorel,123,10993900.0,7901900.0
2025-05,D-008,Marcel Thorel,27,2413300.0,1734600.0
2025-05,D-009,Marcel Thorel,22,1966400.0,1413300.0
2025-05,D-010,Marcel Thorel,30,2681400.0,1927300.0
2025-05,D-012,Marcel Thorel,17,1519500.0,1092100.0
2025-05,D-014,Marcel Thorel,22,1966400.0,1413300.0
2025-05,D-015,Marcel Thorel,13,1162000.0,835200.0
2025-05,D-016,Marcel Thorel,16,1430100.0,1027900.0
2025-05,D-018,Marcel Thorel,24,2145200.0,1541800.0
2025-06,D-001,Ron Defensor,24,3771100.0,2648800.0
2025-06,D-002,Ron Defensor,5,785700.0,551800.0
2025-06,D-006,Ron Defensor,2,314300.0,220700.0
2025-06,D-007,Ron Defensor,13,2042700.0,1434700.0
2025-06,D-009,Ron Defensor,31,4871000.0,3421300.0
2025-06,D-010,Ron Defensor,20,3142600.0,2207300.0
2025-06,D-013,Ron Defensor,29,4556800.0,3200600.0
2025-06,D-014,Ron Defensor,10,1571300.0,1103700.0
2025-06,D-016,Ron Defensor,11,1728400.0,1214000.0
2025-06,D-019,Ron Defensor,6,942800.0,662200.0
2025-06,D-022,Ron Defensor,24,3771100.0,2648800.0
2025-06,D-023,Ron Defensor,13,2042700.0,1434700.0
2025-06,D-024,Ron Defensor,14,2199800.0,1545100.0
2025-06,D-001,Marcel Thorel,32,2873200.0,2065100.0
2025-06,D-003,Marcel Thorel,25,2244700.0,1613400.0
2025-06,D-004,Marcel Thorel,18,1616200.0,1161600.0
2025-06,D-005,Marcel Thorel,16,1436600.0,1032600.0
2025-06,D-007,Marcel Thorel,11,987700.0,709900.0
2025-06,D-008,Marcel Thorel,5,448900.0,322700.0
2025-06,D-009,Marcel Thorel,32,2873200.0,2065100.0
2025-06,D-011,Marcel Thorel,16,1436600.0,1032600.0
2025-06,D-012,Marcel Thorel,14,1257000.0,903500.0
2025-06,D-013,Marcel Thorel,54,4848600.0,3484900.0
2025-06,D-014,Marcel Thorel,16,1436600.0,1032600.0
2025-06,D-016,Marcel Thorel,25,2244700.0,1613400.0
2025-06,D-018,Marcel Thorel,11,987700.0,709900.0
2025-06,D-019,Marcel Thorel,8,718300.0,516300.0
2025-06,D-023,Marcel Thorel,10,897900.0,645400.0
2025-06,D-024,Marcel Thorel,28,2514100.0,1807000.0
2025-07,D-002,Ron Defensor,11,1736100.0,1219400.0
2025-07,D-004,Ron Defensor,28,4419000.0,3103900.0
2025-07,D-006,Ron Defensor,2,315600.0,221700.0
2025-07,D-007,Ron Defensor,11,1736100.0,1219400.0
2025-07,D-008,Ron Defensor,5,789100.0,554300.0
2025-07,D-012,Ron Defensor,15,2367300.0,1662800.0
2025-07,D-013,Ron Defensor,23,3629900.0,2549600.0
2025-07,D-014,Ron Defensor,38,5997300.0,4212400.0
2025-07,D-016,Ron Defensor,6,946900.0,665100.0
2025-07,D-017,Ron Defensor,8,1262600.0,886800.0
2025-07,D-018,Ron Defensor,37,5839500.0,4101500.0
2025-07,D-019,Ron Defensor,8,1262600.0,886800.0
2025-07,D-022,Ron Defensor,21,3314300.0,2327900.0
2025-07,D-023,Ron Defensor,19,2998600.0,2106200.0
2025-07,D-024,Ron Defensor,6,946900.0,665100.0
2025-07,D-002,Marcel Thorel,7,631300.0,453700.0
2025-07,D-003,Marcel Thorel,34,3066300.0,2203900.0
2025-07,D-004,Marcel Thorel,32,2885900.0,2074200.0
2025-07,D-008,Marcel Thorel,8,721500.0,518600.0
2025-07,D-011,Marcel Thorel,8,721500.0,518600.0
2025-07,D-012,Marcel Thorel,18,1623300.0,1166800.0
2025-07,D-013,Marcel Thorel,28,2525200.0,1815000.0
2025-07,D-015,Marcel Thorel,21,1893900.0,1361200.0
2025-07,D-016,Marcel Thorel,14,1262600.0,907500.0
2025-07,D-019,Marcel Thorel,13,1172400.0,842700.0
2025-07,D-020,Marcel Thorel,5,450900.0,324100.0
2025-07,D-021,Marcel Thorel,13,1172400.0,842700.0
2025-07,D-022,Marcel Thorel,21,1893900.0,1361200.0
2025-07,D-024,Marcel Thorel,24,2164400.0,1555700.0
2025-08,D-002,Ron Defensor,12,1902500.0,1336300.0
2025-08,D-005,Ron Defensor,10,1585400.0,1113600.0
2025-08,D-006,Ron Defensor,3,475600.0,334100.0
2025-08,D-008,Ron Defensor,3,475600.0,334100.0
2025-08,D-010,Ron Defensor,38,6024600.0,4231600.0
2025-08,D-012,Ron Defensor,20,3170800.0,2227100.0
2025-08,D-013,Ron Defensor,13,2061100.0,1447600.0
2025-08,D-014,Ron Defensor,26,4122100.0,2895300.0
2025-08,D-015,Ron Defensor,50,7927100.0,5567900.0
2025-08,D-016,Ron Defensor,7,1109800.0,779500.0
2025-08,D-017,Ron Defensor,13,2061100.0,1447600.0
2025-08,D-018,Ron Defensor,17,2695200.0,1893100.0
2025-08,D-020,Ron Defensor,6,951300.0,668100.0
2025-08,D-021,Ron Defensor,8,1268300.0,890900.0
2025-08,D-022,Ron Defensor,19,3012300.0,2115800.0
2025-08,D-024,Ron Defensor,31,4914800.0,3452100.0
2025-08,D-002,Marcel Thorel,6,543600.0,390700.0
2025-08,D-004,Marcel Thorel,33,2989700.0,2148800.0
2025-08,D-005,Marcel Thorel,9,815400.0,586000.0
2025-08,D-007,Marcel Thorel,12,1087100.0,781400.0
2025-08,D-009,Marcel Thorel,24,2174300.0,1562800.0
2025-08,D-010,Marcel Thorel,42,3805000.0,2734900.0
2025-08,D-012,Marcel Thorel,12,1087100.0,781400.0
2025-08,D-013,Marcel Thorel,12,1087100.0,781400.0
2025-08,D-014,Marcel Thorel,20,1811900.0,1302300.0
2025-08,D-015,Marcel Thorel,15,1358900.0,976700.0
2025-08,D-016,Marcel Thorel,17,1540100.0,1107000.0
2025-08,D-018,Marcel Thorel,12,1087100.0,781400.0
2025-08,D-022,Marcel Thorel,18,1630700.0,1172100.0
2025-08,D-023,Marcel Thorel,11,996600.0,716300.0
2025-08,D-024,Marcel Thorel,11,996600.0,716300.0
2025-09,D-005,Ron Defensor,17,2707500.0,1901700.0
2025-09,D-007,Ron Defensor,9,1433400.0,1006800.0
2025-09,D-010,Ron Defensor,39,6211300.0,4362700.0
2025-09,D-012,Ron Defensor,24,3822400.0,2684800.0
2025-09,D-013,Ron Defensor,15,2389000.0,1678000.0
2025-09,D-014,Ron Defensor,20,3185300.0,2237300.0
2025-09,D-016,Ron Defensor,16,2548200.0,1789800.0
2025-09,D-021,Ron Defensor,6,955600.0,671200.0
2025-09,D-022,Ron Defensor,10,1592700.0,1118600.0
2025-09,D-023,Ron Defensor,8,1274100.0,894900.0
2025-09,D-024,Ron Defensor,18,2866800.0,2013600.0
2025-09,D-025,Ron Defensor,11,1751900.0,1230500.0
2025-09,D-026,Ron Defensor,29,4618700.0,3244100.0
2025-09,D-027,Ron Defensor,23,3663100.0,2572900.0
2025-09,D-028,Ron Defensor,19,3026000.0,2125400.0
2025-09,D-029,Ron Defensor,24,3822400.0,2684800.0
2025-09,D-002,Marcel Thorel,8,728100.0,523300.0
2025-09,D-005,Marcel Thorel,17,1547100.0,1112000.0
2025-09,D-008,Marcel Thorel,11,1001100.0,719500.0
2025-09,D-009,Marcel Thorel,25,2275200.0,1635300.0
2025-09,D-011,Marcel Thorel,4,364000.0,261600.0
2025-09,D-012,Marcel Thorel,26,2366200.0,1700700.0
2025-09,D-013,Marcel Thorel,50,4550400.0,3270600.0
2025-09,D-016,Marcel Thorel,34,3094300.0,2224000.0
2025-09,D-017,Marcel Thorel,13,1183100.0,850400.0
2025-09,D-021,Marcel Thorel,12,1092100.0,784900.0
2025-09,D-022,Marcel Thorel,25,2275200.0,1635300.0
2025-09,D-025,Marcel Thorel,6,546100.0,392500.0
2025-09,D-026,Marcel Thorel,25,2275200.0,1635300.0
2025-09,D-027,Marcel Thorel,78,7098700.0,5102200.0
2025-09,D-028,Marcel Thorel,24,2184200.0,1569900.0
2025-10,D-002,Ron Defensor,7,1119800.0,786500.0
2025-10,D-004,Ron Defensor,30,4799000.0,3370700.0
2025-10,D-005,Ron Defensor,20,3199300.0,2247200.0
2025-10,D-010,Ron Defensor,23,3679300.0,2584200.0
2025-10,D-011,Ron Defensor,13,2079600.0,1460700.0
2025-10,D-012,Ron Defensor,13,2079600.0,1460700.0
2025-10,D-013,Ron Defensor,32,5119000.0,3595500.0
2025-10,D-014,Ron Defensor,12,1919600.0,1348300.0
2025-10,D-016,Ron Defensor,8,1279700.0,898900.0
2025-10,D-017,Ron Defensor,9,1439700.0,1011200.0
2025-10,D-018,Ron Defensor,29,4639100.0,3258400.0
2025-10,D-019,Ron Defensor,6,959800.0,674100.0
2025-10,D-020,Ron Defensor,3,479900.0,337100.0
2025-10,D-024,Ron Defensor,12,1919600.0,1348300.0
2025-10,D-025,Ron Defensor,8,1279700.0,898900.0
2025-10,D-026,Ron Defensor,27,4319100.0,3033700.0
2025-10,D-027,Ron Defensor,29,4639100.0,3258400.0
2025-10,D-028,Ron Defensor,15,2399500.0,1685400.0
2025-10,D-029,Ron Defensor,16,2559500.0,1797700.0
2025-10,D-030,Ron Defensor,8,1279700.0,898900.0
2025-10,D-031,Ron Defensor,37,5918800.0,4157200.0
2025-10,D-002,Marcel Thorel,10,914100.0,657000.0
2025-10,D-004,Marcel Thorel,21,1919600.0,1379700.0
2025-10,D-007,Marcel Thorel,8,731300.0,525600.0
2025-10,D-008,Marcel Thorel,21,1919600.0,1379700.0
2025-10,D-009,Marcel Thorel,21,1919600.0,1379700.0
2025-10,D-010,Marcel Thorel,15,1371100.0,985500.0
2025-10,D-012,Marcel Thorel,8,731300.0,525600.0
2025-10,D-016,Marcel Thorel,15,1371100.0,985500.0
2025-10,D-019,Marcel Thorel,14,1279700.0,919800.0
2025-10,D-022,Marcel Thorel,25,2285200.0,1642500.0
2025-10,D-023,Marcel Thorel,15,1371100.0,985500.0
2025-10,D-024,Marcel Thorel,17,1554000.0,1116900.0
2025-10,D-025,Marcel Thorel,15,1371100.0,985500.0
2025-10,D-027,Marcel Thorel,34,3107900.0,2233800.0
2025-10,D-028,Marcel Thorel,15,1371100.0,985500.0
2025-10,D-029,Marcel Thorel,27,2468100.0,1773900.0
2025-10,D-030,Marcel Thorel,10,914100.0,657000.0
2025-10,D-031,Marcel Thorel,28,2559500.0,1839600.0
2025-11,D-004,Ron Defensor,13,2089100.0,1467300.0
2025-11,D-005,Ron Defensor,12,1928400.0,1354400.0
2025-11,D-008,Ron Defensor,7,1124900.0,790100.0
2025-11,D-009,Ron Defensor,46,7392000.0,5192000.0
2025-11,D-010,Ron Defensor,13,2089100.0,1467300.0
2025-11,D-013,Ron Defensor,49,7874100.0,5530600.0
2025-11,D-014,Ron Defensor,17,2731800.0,1918800.0
2025-11,D-022,Ron Defensor,19,3053200.0,2144500.0
2025-11,D-023,Ron Defensor,13,2089100.0,1467300.0
2025-11,D-026,Ron Defensor,21,3374600.0,2370300.0
2025-11,D-027,Ron Defensor,26,4178100.0,2934600.0
2025-11,D-029,Ron Defensor,21,3374600.0,2370300.0
2025-11,D-031,Ron Defensor,29,4660200.0,3273200.0
2025-11,D-002,Marcel Thorel,11,1010100.0,726000.0
2025-11,D-004,Marcel Thorel,18,1652900.0,1188000.0
2025-11,D-011,Marcel Thorel,20,1836500.0,1320000.0
2025-11,D-012,Marcel Thorel,18,1652900.0,1188000.0
2025-11,D-013,Marcel Thorel,64,5876900.0,4224000.0
2025-11,D-014,Marcel Thorel,9,826400.0,594000.0
2025-11,D-016,Marcel Thorel,11,1010100.0,726000.0
2025-11,D-022,Marcel Thorel,66,6060600.0,4356000.0
2025-11,D-023,Marcel Thorel,14,1285600.0,924000.0
2025-11,D-024,Marcel Thorel,17,1561100.0,1122000.0
2025-11,D-025,Marcel Thorel,33,3030300.0,2178000.0
2025-11,D-026,Marcel Thorel,30,2754800.0,1980000.0
2025-11,D-027,Marcel Thorel,37,3397600.0,2442000.0
2025-11,D-028,Marcel Thorel,21,1928400.0,1386000.0
2025-11,D-029,Marcel Thorel,18,1652900.0,1188000.0
2025-11,D-030,Marcel Thorel,9,826400.0,594000.0
2025-11,D-031,Marcel Thorel,28,2571100.0,1848000.0
2025-11,D-033,Marcel Thorel,33,3030300.0,2178000.0
2025-12,D-004,Ron Defensor,41,6617600.0,4648100.0
2025-12,D-005,Ron Defensor,20,3228100.0,2267400.0
2025-12,D-007,Ron Defensor,26,4196500.0,2947600.0
2025-12,D-009,Ron Defensor,39,6294800.0,4421400.0
2025-12,D-010,Ron Defensor,56,9038700.0,6348600.0
2025-12,D-012,Ron Defensor,45,7263200.0,5101600.0
2025-12,D-013,Ron Defensor,50,8070300.0,5668400.0
2025-12,D-014,Ron Defensor,14,2259700.0,1587200.0
2025-12,D-016,Ron Defensor,34,5487800.0,3854500.0
2025-12,D-019,Ron Defensor,14,2259700.0,1587200.0
2025-12,D-022,Ron Defensor,20,3228100.0,2267400.0
2025-12,D-026,Ron Defensor,20,3228100.0,2267400.0
2025-12,D-027,Ron Defensor,39,6294800.0,4421400.0
2025-12,D-028,Ron Defensor,21,3389500.0,2380700.0
2025-12,D-029,Ron Defensor,44,7101800.0,4988200.0
2025-12,D-031,Ron Defensor,30,4842200.0,3401000.0
2025-12,D-002,Marcel Thorel,13,1199000.0,861800.0
2025-12,D-004,Marcel Thorel,103,9499900.0,6828000.0
2025-12,D-005,Marcel Thorel,12,1106800.0,795500.0
2025-12,D-008,Marcel Thorel,17,1567900.0,1127000.0
2025-12,D-009,Marcel Thorel,53,4888300.0,3513400.0
2025-12,D-010,Marcel Thorel,20,1844600.0,1325800.0
2025-12,D-018,Marcel Thorel,27,2490300.0,1789900.0
2025-12,D-021,Marcel Thorel,12,1106800.0,795500.0
2025-12,D-022,Marcel Thorel,17,1567900.0,1127000.0
2025-12,D-026,Marcel Thorel,32,2951400.0,2121300.0
2025-12,D-028,Marcel Thorel,21,1936900.0,1392100.0
2025-12,D-029,Marcel Thorel,29,2674700.0,1922500.0
2025-12,D-033,Marcel Thorel,75,6917400.0,4971900.0
2026-01,D-004,Ron Defensor,19,3080700.0,2163800.0
2026-01,D-005,Ron Defensor,8,1297100.0,911100.0
2026-01,D-012,Ron Defensor,12,1945700.0,1366600.0
2026-01,D-013,Ron Defensor,14,2270000.0,1594400.0
2026-01,D-016,Ron Defensor,6,972800.0,683300.0
2026-01,D-018,Ron Defensor,17,2756400.0,1936000.0
2026-01,D-019,Ron Defensor,3,486400.0,341700.0
2026-01,D-020,Ron Defensor,8,1297100.0,911100.0
2026-01,D-022,Ron Defensor,12,1945700.0,1366600.0
2026-01,D-023,Ron Defensor,7,1135000.0,797200.0
2026-01,D-025,Ron Defensor,8,1297100.0,911100.0
2026-01,D-026,Ron Defensor,33,5350600.0,3758200.0
2026-01,D-033,Ron Defensor,17,2756400.0,1936000.0
2026-01,D-035,Ron Defensor,13,2107800.0,1480500.0
2026-01,D-039,Ron Defensor,3,486400.0,341700.0
2026-01,D-040,Ron Defensor,14,2270000.0,1594400.0
2026-01,D-002,Marcel Thorel,3,278000.0,199800.0
2026-01,D-004,Marcel Thorel,28,2594300.0,1864600.0
2026-01,D-005,Marcel Thorel,15,1389800.0,998900.0
2026-01,D-008,Marcel Thorel,3,278000.0,199800.0
2026-01,D-010,Marcel Thorel,12,1111800.0,799100.0
2026-01,D-011,Marcel Thorel,12,1111800.0,799100.0
2026-01,D-012,Marcel Thorel,16,1482400.0,1065500.0
2026-01,D-013,Marcel Thorel,37,3428100.0,2464000.0
2026-01,D-016,Marcel Thorel,8,741200.0,532700.0
2026-01,D-022,Marcel Thorel,15,1389800.0,998900.0
2026-01,D-023,Marcel Thorel,15,1389800.0,998900.0
2026-01,D-025,Marcel Thorel,21,1945700.0,1398500.0
2026-01,D-027,Marcel Thorel,11,1019200.0,732500.0
2026-01,D-029,Marcel Thorel,28,2594300.0,1864600.0
2026-01,D-033,Marcel Thorel,9,833900.0,599300.0
2026-01,D-035,Marcel Thorel,9,833900.0,599300.0
2026-01,D-036,Marcel Thorel,12,1111800.0,799100.0
2026-01,D-037,Marcel Thorel,9,833900.0,599300.0
2026-01,D-039,Marcel Thorel,9,833900.0,599300.0
2026-01,D-040,Marcel Thorel,18,1667700.0,1198700.0
2026-02,D-004,Ron Defensor,12,1954600.0,1372800.0
2026-02,D-005,Ron Defensor,12,1954600.0,1372800.0
2026-02,D-007,Ron Defensor,7,1140200.0,800800.0
2026-02,D-008,Ron Defensor,5,814400.0,572000.0
2026-02,D-010,Ron Defensor,11,1791700.0,1258400.0
2026-02,D-011,Ron Defensor,6,977300.0,686400.0
2026-02,D-012,Ron Defensor,7,1140200.0,800800.0
2026-02,D-014,Ron Defensor,9,1465900.0,1029600.0
2026-02,D-016,Ron Defensor,5,814400.0,572000.0
2026-02,D-017,Ron Defensor,5,814400.0,572000.0
2026-02,D-018,Ron Defensor,3,488600.0,343200.0
2026-02,D-020,Ron Defensor,3,488600.0,343200.0
2026-02,D-022,Ron Defensor,15,2443200.0,1716100.0
2026-02,D-023,Ron Defensor,26,4234900.0,2974500.0
2026-02,D-025,Ron Defensor,4,651500.0,457600.0
2026-02,D-027,Ron Defensor,33,5375000.0,3775300.0
2026-02,D-028,Ron Defensor,11,1791700.0,1258400.0
2026-02,D-031,Ron Defensor,23,3746200.0,2631300.0
2026-02,D-032,Ron Defensor,1,162900.0,114400.0
2026-02,D-033,Ron Defensor,12,1954600.0,1372800.0
2026-02,D-034,Ron Defensor,7,1140200.0,800800.0
2026-02,D-035,Ron Defensor,5,814400.0,572000.0
2026-02,D-036,Ron Defensor,19,3094700.0,2173700.0
2026-02,D-042,Ron Defensor,18,2931800.0,2059300.0
2026-02,D-002,Marcel Thorel,12,1116900.0,802800.0
2026-02,D-008,Marcel Thorel,12,1116900.0,802800.0
2026-02,D-010,Marcel Thorel,17,1582300.0,1137300.0
2026-02,D-012,Marcel Thorel,12,1116900.0,802800.0
2026-02,D-013,Marcel Thorel,67,6236000.0,4482100.0
2026-02,D-014,Marcel Thorel,16,1489200.0,1070400.0
2026-02,D-019,Marcel Thorel,10,930700.0,669000.0
2026-02,D-023,Marcel Thorel,13,1210000.0,869700.0
2026-02,D-026,Marcel Thorel,37,3443700.0,2475200.0
2026-02,D-028,Marcel Thorel,33,3071400.0,2207600.0
2026-02,D-031,Marcel Thorel,20,1861500.0,1337900.0
2026-02,D-033,Marcel Thorel,9,837700.0,602100.0
2026-02,D-034,Marcel Thorel,5,465400.0,334500.0
2026-02,D-036,Marcel Thorel,18,1675300.0,1204100.0
2026-02,D-037,Marcel Thorel,24,2233800.0,1605500.0
2026-02,D-039,Marcel Thorel,5,465400.0,334500.0
2026-02,D-040,Marcel Thorel,24,2233800.0,1605500.0
2026-02,D-042,Marcel Thorel,18,1675300.0,1204100.0
2026-02,D-043,Marcel Thorel,17,1582300.0,1137300.0
2026-02,D-002,Mil Demonios,10,688400.0,479900.0
2026-02,D-004,Mil Demonios,14,963700.0,671900.0
2026-02,D-007,Mil Demonios,3,206500.0,144000.0
2026-02,D-010,Mil Demonios,11,757200.0,527900.0
2026-02,D-012,Mil Demonios,14,963700.0,671900.0
2026-02,D-013,Mil Demonios,21,1445600.0,1007800.0
2026-02,D-014,Mil Demonios,16,1101400.0,767900.0
2026-02,D-016,Mil Demonios,7,481900.0,335900.0
2026-02,D-017,Mil Demonios,4,275300.0,192000.0
2026-02,D-018,Mil Demonios,14,963700.0,671900.0
2026-02,D-019,Mil Demonios,5,344200.0,240000.0
2026-02,D-020,Mil Demonios,2,137700.0,96000.0
2026-02,D-022,Mil Demonios,16,1101400.0,767900.0
2026-02,D-023,Mil Demonios,6,413000.0,287900.0
2026-02,D-026,Mil Demonios,14,963700.0,671900.0
2026-02,D-027,Mil Demonios,27,1858600.0,1295800.0
2026-02,D-028,Mil Demonios,18,1239100.0,863800.0
2026-02,D-030,Mil Demonios,2,137700.0,96000.0
2026-02,D-031,Mil Demonios,10,688400.0,479900.0
2026-02,D-034,Mil Demonios,2,137700.0,96000.0
2026-02,D-037,Mil Demonios,14,963700.0,671900.0
2026-02,D-039,Mil Demonios,14,963700.0,671900.0
2026-02,D-040,Mil Demonios,15,1032500.0,719900.0
2026-02,D-043,Mil Demonios,12,826000.0,575900.0
2026-02,D-045,Mil Demonios,14,963700.0,671900.0
2026-03,D-002,Ron Defensor,13,2126200.0,1493400.0
2026-03,D-004,Ron Defensor,21,3434600.0,2412400.0
2026-03,D-010,Ron Defensor,16,2616800.0,1838000.0
2026-03,D-012,Ron Defensor,29,4743000.0,3331400.0
2026-03,D-013,Ron Defensor,41,6705600.0,4709900.0
2026-03,D-019,Ron Defensor,7,1144900.0,804100.0
2026-03,D-021,Ron Defensor,10,1635500.0,1148700.0
2026-03,D-022,Ron Defensor,16,2616800.0,1838000.0
2026-03,D-023,Ron Defensor,5,817800.0,574400.0
2026-03,D-025,Ron Defensor,9,1472000.0,1033900.0
2026-03,D-027,Ron Defensor,32,5233600.0,3676000.0
2026-03,D-028,Ron Defensor,25,4088800.0,2871900.0
2026-03,D-031,Ron Defensor,13,2126200.0,1493400.0
2026-03,D-033,Ron Defensor,25,4088800.0,2871900.0
2026-03,D-034,Ron Defensor,5,817800.0,574400.0
2026-03,D-035,Ron Defensor,9,1472000.0,1033900.0
2026-03,D-037,Ron Defensor,8,1308400.0,919000.0
2026-03,D-038,Ron Defensor,2,327100.0,229700.0
2026-03,D-039,Ron Defensor,16,2616800.0,1838000.0
2026-03,D-040,Ron Defensor,11,1799100.0,1263600.0
2026-03,D-042,Ron Defensor,40,6542000.0,4595000.0
2026-03,D-043,Ron Defensor,22,3598100.0,2527200.0
2026-03,D-046,Ron Defensor,7,1144900.0,804100.0
2026-03,D-049,Ron Defensor,3,490700.0,344600.0
2026-03,D-004,Marcel Thorel,16,1495300.0,1074800.0
2026-03,D-005,Marcel Thorel,6,560700.0,403000.0
2026-03,D-007,Marcel Thorel,21,1962600.0,1410600.0
2026-03,D-010,Marcel Thorel,13,1214900.0,873200.0
2026-03,D-011,Marcel Thorel,9,841100.0,604600.0
2026-03,D-012,Marcel Thorel,33,3084100.0,2216700.0
2026-03,D-013,Marcel Thorel,6,560700.0,403000.0
2026-03,D-014,Marcel Thorel,10,934600.0,671700.0
2026-03,D-017,Marcel Thorel,8,747700.0,537400.0
2026-03,D-018,Marcel Thorel,8,747700.0,537400.0
2026-03,D-022,Marcel Thorel,12,1121500.0,806100.0
2026-03,D-026,Marcel Thorel,17,1588800.0,1141900.0
2026-03,D-028,Marcel Thorel,14,1308400.0,940400.0
2026-03,D-031,Marcel Thorel,24,2243000.0,1612100.0
2026-03,D-033,Marcel Thorel,13,1214900.0,873200.0
2026-03,D-035,Marcel Thorel,8,747700.0,537400.0
2026-03,D-036,Marcel Thorel,13,1214900.0,873200.0
2026-03,D-037,Marcel Thorel,25,2336400.0,1679300.0
2026-03,D-039,Marcel Thorel,13,1214900.0,873200.0
2026-03,D-040,Marcel Thorel,18,1682200.0,1209100.0
2026-03,D-042,Marcel Thorel,19,1775700.0,1276300.0
2026-03,D-045,Marcel Thorel,37,3457900.0,2485400.0
2026-03,D-049,Marcel Thorel,5,467300.0,335900.0
2026-03,D-002,Mil Demonios,6,414700.0,289100.0
2026-03,D-004,Mil Demonios,40,2764800.0,1927600.0
2026-03,D-005,Mil Demonios,12,829400.0,578300.0
2026-03,D-007,Mil Demonios,2,138200.0,96400.0
2026-03,D-008,Mil Demonios,5,345600.0,240900.0
2026-03,D-010,Mil Demonios,25,1728000.0,1204700.0
2026-03,D-012,Mil Demonios,14,967700.0,674600.0
2026-03,D-013,Mil Demonios,14,967700.0,674600.0
2026-03,D-014,Mil Demonios,16,1105900.0,771000.0
2026-03,D-016,Mil Demonios,10,691200.0,481900.0
2026-03,D-018,Mil Demonios,9,622100.0,433700.0
2026-03,D-020,Mil Demonios,4,276500.0,192800.0
2026-03,D-022,Mil Demonios,19,1313300.0,915600.0
2026-03,D-023,Mil Demonios,11,760300.0,530100.0
2026-03,D-025,Mil Demonios,8,553000.0,385500.0
2026-03,D-026,Mil Demonios,15,1036800.0,722800.0
2026-03,D-027,Mil Demonios,10,691200.0,481900.0
2026-03,D-028,Mil Demonios,9,622100.0,433700.0
2026-03,D-031,Mil Demonios,29,2004500.0,1397500.0
2026-03,D-032,Mil Demonios,2,138200.0,96400.0
2026-03,D-033,Mil Demonios,21,1451500.0,1012000.0
2026-03,D-034,Mil Demonios,10,691200.0,481900.0
2026-03,D-036,Mil Demonios,28,1935300.0,1349300.0
2026-03,D-037,Mil Demonios,5,345600.0,240900.0
2026-03,D-039,Mil Demonios,9,622100.0,433700.0
2026-03,D-042,Mil Demonios,16,1105900.0,771000.0
2026-03,D-043,Mil Demonios,10,691200.0,481900.0
2026-03,D-045,Mil Demonios,13,898600.0,626500.0
2026-03,D-047,Mil Demonios,2,138200.0,96400.0
2026-03,D-048,Mil Demonios,7,483800.0,337300.0
2026-03,D-049,Mil Demonios,2,138200.0,96400.0
2026-04,D-007,Ron Defensor,8,1314400.0,923200.0
2026-04,D-010,Ron Defensor,17,2793000.0,1961800.0
2026-04,D-011,Ron Defensor,6,985800.0,692400.0
2026-04,D-014,Ron Defensor,34,5586100.0,3923500.0
2026-04,D-016,Ron Defensor,11,1807300.0,1269400.0
2026-04,D-018,Ron Defensor,13,2135800.0,1500200.0
2026-04,D-025,Ron Defensor,6,985800.0,692400.0
2026-04,D-026,Ron Defensor,9,1478700.0,1038600.0
2026-04,D-031,Ron Defensor,18,2957300.0,2077200.0
2026-04,D-033,Ron Defensor,12,1971500.0,1384800.0
2026-04,D-035,Ron Defensor,7,1150100.0,807800.0
2026-04,D-036,Ron Defensor,22,3614500.0,2538800.0
2026-04,D-037,Ron Defensor,7,1150100.0,807800.0
2026-04,D-040,Ron Defensor,17,2793000.0,1961800.0
2026-04,D-042,Ron Defensor,20,3285900.0,2308000.0
2026-04,D-043,Ron Defensor,9,1478700.0,1038600.0
2026-04,D-045,Ron Defensor,17,2793000.0,1961800.0
2026-04,D-049,Ron Defensor,9,1478700.0,1038600.0
2026-04,D-052,Ron Defensor,12,1971500.0,1384800.0
2026-04,D-053,Ron Defensor,12,1971500.0,1384800.0
2026-04,D-055,Ron Defensor,2,328600.0,230800.0
2026-04,D-056,Ron Defensor,10,1643000.0,1154000.0
2026-04,D-002,Marcel Thorel,15,1408200.0,1012200.0
2026-04,D-004,Marcel Thorel,28,2628700.0,1889400.0
2026-04,D-010,Marcel Thorel,22,2065400.0,1484500.0
2026-04,D-011,Marcel Thorel,8,751100.0,539800.0
2026-04,D-012,Marcel Thorel,20,1877700.0,1349600.0
2026-04,D-014,Marcel Thorel,14,1314400.0,944700.0
2026-04,D-016,Marcel Thorel,13,1220500.0,877200.0
2026-04,D-018,Marcel Thorel,9,844900.0,607300.0
2026-04,D-022,Marcel Thorel,15,1408200.0,1012200.0
2026-04,D-023,Marcel Thorel,9,844900.0,607300.0
2026-04,D-025,Marcel Thorel,16,1502100.0,1079700.0
2026-04,D-027,Marcel Thorel,43,4037000.0,2901600.0
2026-04,D-028,Marcel Thorel,22,2065400.0,1484500.0
2026-04,D-033,Marcel Thorel,32,3004300.0,2159300.0
2026-04,D-034,Marcel Thorel,9,844900.0,607300.0
2026-04,D-035,Marcel Thorel,7,657200.0,472300.0
2026-04,D-036,Marcel Thorel,39,3661400.0,2631700.0
2026-04,D-037,Marcel Thorel,13,1220500.0,877200.0
2026-04,D-039,Marcel Thorel,18,1689900.0,1214600.0
2026-04,D-040,Marcel Thorel,14,1314400.0,944700.0
2026-04,D-042,Marcel Thorel,25,2347100.0,1687000.0
2026-04,D-043,Marcel Thorel,15,1408200.0,1012200.0
2026-04,D-044,Marcel Thorel,2,187800.0,135000.0
2026-04,D-047,Marcel Thorel,3,281600.0,202400.0
2026-04,D-049,Marcel Thorel,2,187800.0,135000.0
2026-04,D-052,Marcel Thorel,8,751100.0,539800.0
2026-04,D-055,Marcel Thorel,10,938800.0,674800.0
2026-04,D-002,Mil Demonios,11,763800.0,532500.0
2026-04,D-004,Mil Demonios,40,2777400.0,1936300.0
2026-04,D-007,Mil Demonios,8,555500.0,387300.0
2026-04,D-010,Mil Demonios,19,1319300.0,919800.0
2026-04,D-012,Mil Demonios,16,1111000.0,774500.0
2026-04,D-014,Mil Demonios,13,902600.0,629300.0
2026-04,D-016,Mil Demonios,6,416600.0,290500.0
2026-04,D-017,Mil Demonios,6,416600.0,290500.0
2026-04,D-018,Mil Demonios,10,694300.0,484100.0
2026-04,D-020,Mil Demonios,2,138900.0,96800.0
2026-04,D-022,Mil Demonios,14,972100.0,677700.0
2026-04,D-023,Mil Demonios,6,416600.0,290500.0
2026-04,D-025,Mil Demonios,4,277700.0,193600.0
2026-04,D-026,Mil Demonios,13,902600.0,629300.0
2026-04,D-027,Mil Demonios,24,1666400.0,1161800.0
2026-04,D-028,Mil Demonios,22,1527600.0,1065000.0
2026-04,D-030,Mil Demonios,4,277700.0,193600.0
2026-04,D-031,Mil Demonios,12,833200.0,580900.0
2026-04,D-032,Mil Demonios,2,138900.0,96800.0
2026-04,D-034,Mil Demonios,5,347200.0,242000.0
2026-04,D-036,Mil Demonios,21,1458100.0,1016600.0
2026-04,D-037,Mil Demonios,7,486000.0,338900.0
2026-04,D-038,Mil Demonios,1,69400.0,48400.0
2026-04,D-039,Mil Demonios,10,694300.0,484100.0
2026-04,D-040,Mil Demonios,10,694300.0,484100.0
2026-04,D-041,Mil Demonios,5,347200.0,242000.0
2026-04,D-042,Mil Demonios,13,902600.0,629300.0
2026-04,D-043,Mil Demonios,10,694300.0,484100.0
2026-04,D-045,Mil Demonios,8,555500.0,387300.0
2026-04,D-048,Mil Demonios,4,277700.0,193600.0
2026-04,D-051,Mil Demonios,11,763800.0,532500.0
2026-04,D-052,Mil Demonios,6,416600.0,290500.0
2026-04,D-053,Mil Demonios,9,624900.0,435700.0
2026-04,D-054,Mil Demonios,8,555500.0,387300.0
2026-04,D-056,Mil Demonios,5,347200.0,242000.0
2026-05,D-004,Ron Defensor,36,5940700.0,4172700.0
2026-05,D-010,Ron Defensor,38,6270800.0,4404500.0
2026-05,D-011,Ron Defensor,6,990100.0,695400.0
2026-05,D-014,Ron Defensor,16,2640300.0,1854500.0
2026-05,D-018,Ron Defensor,12,1980200.0,1390900.0
2026-05,D-022,Ron Defensor,13,2145300.0,1506800.0
2026-05,D-023,Ron Defensor,16,2640300.0,1854500.0
2026-05,D-025,Ron Defensor,19,3135400.0,2202200.0
2026-05,D-026,Ron Defensor,17,2805300.0,1970400.0
2026-05,D-027,Ron Defensor,30,4950600.0,3477200.0
2026-05,D-028,Ron Defensor,25,4125500.0,2897700.0
2026-05,D-033,Ron Defensor,20,3300400.0,2318100.0
2026-05,D-034,Ron Defensor,3,495100.0,347700.0
2026-05,D-036,Ron Defensor,14,2310300.0,1622700.0
2026-05,D-037,Ron Defensor,8,1320200.0,927300.0
2026-05,D-040,Ron Defensor,22,3630400.0,2550000.0
2026-05,D-041,Ron Defensor,9,1485200.0,1043200.0
2026-05,D-042,Ron Defensor,5,825100.0,579500.0
2026-05,D-043,Ron Defensor,19,3135400.0,2202200.0
2026-05,D-044,Ron Defensor,2,330000.0,231800.0
2026-05,D-045,Ron Defensor,63,10396300.0,7302100.0
2026-05,D-048,Ron Defensor,8,1320200.0,927300.0
2026-05,D-049,Ron Defensor,4,660100.0,463600.0
2026-05,D-050,Ron Defensor,16,2640300.0,1854500.0
2026-05,D-052,Ron Defensor,10,1650200.0,1159100.0
2026-05,D-054,Ron Defensor,25,4125500.0,2897700.0
2026-05,D-055,Ron Defensor,15,2475300.0,1738600.0
2026-05,D-056,Ron Defensor,2,330000.0,231800.0
2026-05,D-060,Ron Defensor,9,1485200.0,1043200.0
2026-05,D-061,Ron Defensor,6,990100.0,695400.0
2026-05,D-002,Marcel Thorel,5,471500.0,338900.0
2026-05,D-004,Marcel Thorel,29,2734600.0,1965500.0
2026-05,D-010,Marcel Thorel,20,1885900.0,1355500.0
2026-05,D-011,Marcel Thorel,11,1037300.0,745500.0
2026-05,D-012,Marcel Thorel,29,2734600.0,1965500.0
2026-05,D-018,Marcel Thorel,14,1320200.0,948900.0
2026-05,D-026,Marcel Thorel,33,3111800.0,2236600.0
2026-05,D-027,Marcel Thorel,19,1791600.0,1287700.0
2026-05,D-028,Marcel Thorel,13,1225900.0,881100.0
2026-05,D-031,Marcel Thorel,12,1131600.0,813300.0
2026-05,D-033,Marcel Thorel,26,2451700.0,1762200.0
2026-05,D-037,Marcel Thorel,17,1603100.0,1152200.0
2026-05,D-040,Marcel Thorel,45,4243400.0,3049900.0
2026-05,D-042,Marcel Thorel,12,1131600.0,813300.0
2026-05,D-043,Marcel Thorel,31,2923200.0,2101100.0
2026-05,D-050,Marcel Thorel,9,848700.0,610000.0
2026-05,D-051,Marcel Thorel,26,2451700.0,1762200.0
2026-05,D-052,Marcel Thorel,12,1131600.0,813300.0
2026-05,D-054,Marcel Thorel,15,1414500.0,1016600.0
2026-05,D-058,Marcel Thorel,17,1603100.0,1152200.0
2026-05,D-059,Marcel Thorel,9,848700.0,610000.0
2026-05,D-060,Marcel Thorel,9,848700.0,610000.0
2026-05,D-061,Marcel Thorel,8,754400.0,542200.0
2026-05,D-002,Mil Demonios,4,279000.0,194500.0
2026-05,D-004,Mil Demonios,43,2998900.0,2090700.0
2026-05,D-005,Mil Demonios,10,697400.0,486200.0
2026-05,D-010,Mil Demonios,39,2719900.0,1896300.0
2026-05,D-011,Mil Demonios,3,209200.0,145900.0
2026-05,D-012,Mil Demonios,20,1394800.0,972400.0
2026-05,D-014,Mil Demonios,11,767100.0,534800.0
2026-05,D-016,Mil Demonios,10,697400.0,486200.0
2026-05,D-018,Mil Demonios,7,488200.0,340400.0
2026-05,D-019,Mil Demonios,9,627700.0,437600.0
2026-05,D-022,Mil Demonios,12,836900.0,583500.0
2026-05,D-023,Mil Demonios,5,348700.0,243100.0
2026-05,D-026,Mil Demonios,25,1743500.0,1215600.0
2026-05,D-027,Mil Demonios,8,557900.0,389000.0
2026-05,D-028,Mil Demonios,17,1185600.0,826600.0
2026-05,D-033,Mil Demonios,8,557900.0,389000.0
2026-05,D-034,Mil Demonios,5,348700.0,243100.0
2026-05,D-035,Mil Demonios,5,348700.0,243100.0
2026-05,D-036,Mil Demonios,17,1185600.0,826600.0
2026-05,D-037,Mil Demonios,16,1115900.0,778000.0
2026-05,D-040,Mil Demonios,12,836900.0,583500.0
2026-05,D-042,Mil Demonios,16,1115900.0,778000.0
2026-05,D-047,Mil Demonios,4,279000.0,194500.0
2026-05,D-048,Mil Demonios,5,348700.0,243100.0
2026-05,D-050,Mil Demonios,6,418400.0,291700.0
2026-05,D-051,Mil Demonios,31,2162000.0,1507300.0
2026-05,D-052,Mil Demonios,16,1115900.0,778000.0
2026-05,D-054,Mil Demonios,20,1394800.0,972400.0
2026-05,D-057,Mil Demonios,8,557900.0,389000.0
2026-05,D-059,Mil Demonios,13,906600.0,632100.0
2026-05,D-060,Mil Demonios,19,1325100.0,923800.0
2026-05,D-061,Mil Demonios,9,627700.0,437600.0
2026-06,D-004,Ron Defensor,14,2320800.0,1630100.0
2026-06,D-005,Ron Defensor,7,1160400.0,815000.0
2026-06,D-008,Ron Defensor,7,1160400.0,815000.0
2026-06,D-010,Ron Defensor,38,6299300.0,4424500.0
2026-06,D-014,Ron Defensor,17,2818100.0,1979400.0
2026-06,D-016,Ron Defensor,30,4973200.0,3493100.0
2026-06,D-017,Ron Defensor,13,2155000.0,1513700.0
2026-06,D-021,Ron Defensor,7,1160400.0,815000.0
2026-06,D-022,Ron Defensor,27,4475900.0,3143800.0
2026-06,D-025,Ron Defensor,7,1160400.0,815000.0
2026-06,D-026,Ron Defensor,32,5304700.0,3725900.0
2026-06,D-028,Ron Defensor,30,4973200.0,3493100.0
2026-06,D-030,Ron Defensor,9,1492000.0,1047900.0
2026-06,D-031,Ron Defensor,14,2320800.0,1630100.0
2026-06,D-036,Ron Defensor,28,4641600.0,3260200.0
2026-06,D-037,Ron Defensor,30,4973200.0,3493100.0
2026-06,D-040,Ron Defensor,41,6796700.0,4773800.0
2026-06,D-041,Ron Defensor,4,663100.0,465700.0
2026-06,D-043,Ron Defensor,13,2155000.0,1513700.0
2026-06,D-045,Ron Defensor,15,2486600.0,1746500.0
2026-06,D-048,Ron Defensor,13,2155000.0,1513700.0
2026-06,D-051,Ron Defensor,10,1657700.0,1164400.0
2026-06,D-052,Ron Defensor,20,3315400.0,2328700.0
2026-06,D-053,Ron Defensor,13,2155000.0,1513700.0
2026-06,D-055,Ron Defensor,9,1492000.0,1047900.0
2026-06,D-057,Ron Defensor,10,1657700.0,1164400.0
2026-06,D-058,Ron Defensor,19,3149700.0,2212300.0
2026-06,D-060,Ron Defensor,23,3812800.0,2678000.0
2026-06,D-061,Ron Defensor,8,1326200.0,931500.0
2026-06,D-062,Ron Defensor,16,2652400.0,1863000.0
2026-06,D-002,Marcel Thorel,30,2841800.0,2042600.0
2026-06,D-004,Marcel Thorel,31,2936500.0,2110600.0
2026-06,D-005,Marcel Thorel,5,473600.0,340400.0
2026-06,D-007,Marcel Thorel,30,2841800.0,2042600.0
2026-06,D-008,Marcel Thorel,23,2178700.0,1566000.0
2026-06,D-012,Marcel Thorel,15,1420900.0,1021300.0
2026-06,D-014,Marcel Thorel,52,4925800.0,3540400.0
2026-06,D-019,Marcel Thorel,12,1136700.0,817000.0
2026-06,D-020,Marcel Thorel,5,473600.0,340400.0
2026-06,D-021,Marcel Thorel,7,663100.0,476600.0
2026-06,D-022,Marcel Thorel,30,2841800.0,2042600.0
2026-06,D-025,Marcel Thorel,15,1420900.0,1021300.0
2026-06,D-027,Marcel Thorel,11,1042000.0,748900.0
2026-06,D-028,Marcel Thorel,53,5020500.0,3608500.0
2026-06,D-031,Marcel Thorel,17,1610400.0,1157400.0
2026-06,D-033,Marcel Thorel,40,3789100.0,2723400.0
2026-06,D-034,Marcel Thorel,13,1231500.0,885100.0
2026-06,D-036,Marcel Thorel,22,2084000.0,1497900.0
2026-06,D-037,Marcel Thorel,15,1420900.0,1021300.0
2026-06,D-038,Marcel Thorel,7,663100.0,476600.0
2026-06,D-040,Marcel Thorel,32,3031300.0,2178700.0
2026-06,D-043,Marcel Thorel,39,3694400.0,2655300.0
2026-06,D-045,Marcel Thorel,30,2841800.0,2042600.0
2026-06,D-046,Marcel Thorel,16,1515600.0,1089400.0
2026-06,D-047,Marcel Thorel,8,757800.0,544700.0
2026-06,D-048,Marcel Thorel,13,1231500.0,885100.0
2026-06,D-049,Marcel Thorel,5,473600.0,340400.0
2026-06,D-051,Marcel Thorel,7,663100.0,476600.0
2026-06,D-055,Marcel Thorel,24,2273400.0,1634000.0
2026-06,D-056,Marcel Thorel,10,947300.0,680900.0
2026-06,D-059,Marcel Thorel,7,663100.0,476600.0
2026-06,D-060,Marcel Thorel,31,2936500.0,2110600.0
2026-06,D-062,Marcel Thorel,28,2652400.0,1906400.0
2026-06,D-063,Marcel Thorel,15,1420900.0,1021300.0
2026-06,D-002,Mil Demonios,14,980800.0,683800.0
2026-06,D-004,Mil Demonios,25,1751500.0,1221100.0
2026-06,D-005,Mil Demonios,16,1120900.0,781500.0
2026-06,D-008,Mil Demonios,5,350300.0,244200.0
2026-06,D-011,Mil Demonios,8,560500.0,390700.0
2026-06,D-012,Mil Demonios,13,910800.0,635000.0
2026-06,D-014,Mil Demonios,20,1401200.0,976900.0
2026-06,D-017,Mil Demonios,3,210200.0,146500.0
2026-06,D-018,Mil Demonios,10,700600.0,488400.0
2026-06,D-022,Mil Demonios,19,1331100.0,928000.0
2026-06,D-023,Mil Demonios,4,280200.0,195400.0
2026-06,D-025,Mil Demonios,10,700600.0,488400.0
2026-06,D-026,Mil Demonios,15,1050900.0,732700.0
2026-06,D-027,Mil Demonios,23,1611300.0,1123400.0
2026-06,D-028,Mil Demonios,19,1331100.0,928000.0
2026-06,D-031,Mil Demonios,11,770600.0,537300.0
2026-06,D-033,Mil Demonios,13,910800.0,635000.0
2026-06,D-036,Mil Demonios,43,3012500.0,2100300.0
2026-06,D-037,Mil Demonios,20,1401200.0,976900.0
2026-06,D-038,Mil Demonios,4,280200.0,195400.0
2026-06,D-040,Mil Demonios,20,1401200.0,976900.0
2026-06,D-042,Mil Demonios,28,1961600.0,1367600.0
2026-06,D-045,Mil Demonios,11,770600.0,537300.0
2026-06,D-048,Mil Demonios,6,420400.0,293100.0
2026-06,D-049,Mil Demonios,5,350300.0,244200.0
2026-06,D-050,Mil Demonios,17,1191000.0,830300.0
2026-06,D-051,Mil Demonios,10,700600.0,488400.0
2026-06,D-055,Mil Demonios,13,910800.0,635000.0
2026-06,D-057,Mil Demonios,7,490400.0,341900.0
2026-06,D-058,Mil Demonios,9,630500.0,439600.0
2026-06,D-059,Mil Demonios,9,630500.0,439600.0
2026-06,D-062,Mil Demonios,11,770600.0,537300.0
2026-07,D-002,Ron Defensor,16,2664100.0,1871200.0
2026-07,D-004,Ron Defensor,38,6327100.0,4444100.0
2026-07,D-005,Ron Defensor,7,1165500.0,818600.0
2026-07,D-011,Ron Defensor,18,2997100.0,2105100.0
2026-07,D-012,Ron Defensor,15,2497600.0,1754200.0
2026-07,D-014,Ron Defensor,40,6660100.0,4678000.0
2026-07,D-018,Ron Defensor,12,1998000.0,1403400.0
2026-07,D-023,Ron Defensor,8,1332000.0,935600.0
2026-07,D-026,Ron Defensor,16,2664100.0,1871200.0
2026-07,D-027,Ron Defensor,48,7992200.0,5613500.0
2026-07,D-031,Ron Defensor,6,999000.0,701700.0
2026-07,D-032,Ron Defensor,1,166500.0,116900.0
2026-07,D-033,Ron Defensor,21,3496600.0,2455900.0
2026-07,D-035,Ron Defensor,8,1332000.0,935600.0
2026-07,D-036,Ron Defensor,19,3163600.0,2222000.0
2026-07,D-037,Ron Defensor,12,1998000.0,1403400.0
2026-07,D-038,Ron Defensor,1,166500.0,116900.0
2026-07,D-040,Ron Defensor,7,1165500.0,818600.0
2026-07,D-041,Ron Defensor,10,1665000.0,1169500.0
2026-07,D-043,Ron Defensor,25,4162600.0,2923700.0
2026-07,D-051,Ron Defensor,11,1831500.0,1286400.0
2026-07,D-052,Ron Defensor,9,1498500.0,1052500.0
2026-07,D-054,Ron Defensor,8,1332000.0,935600.0
2026-07,D-058,Ron Defensor,17,2830600.0,1988100.0
2026-07,D-059,Ron Defensor,8,1332000.0,935600.0
2026-07,D-060,Ron Defensor,19,3163600.0,2222000.0
2026-07,D-062,Ron Defensor,17,2830600.0,1988100.0
2026-07,D-065,Ron Defensor,7,1165500.0,818600.0
2026-07,D-010,Marcel Thorel,38,3615500.0,2598600.0
2026-07,D-012,Marcel Thorel,11,1046600.0,752200.0
2026-07,D-014,Marcel Thorel,11,1046600.0,752200.0
2026-07,D-016,Marcel Thorel,24,2283500.0,1641200.0
2026-07,D-023,Marcel Thorel,11,1046600.0,752200.0
2026-07,D-025,Marcel Thorel,10,951400.0,683900.0
2026-07,D-027,Marcel Thorel,34,3234900.0,2325100.0
2026-07,D-028,Marcel Thorel,16,1522300.0,1094200.0
2026-07,D-030,Marcel Thorel,11,1046600.0,752200.0
2026-07,D-031,Marcel Thorel,22,2093200.0,1504500.0
2026-07,D-033,Marcel Thorel,19,1807800.0,1299300.0
2026-07,D-035,Marcel Thorel,10,951400.0,683900.0
2026-07,D-036,Marcel Thorel,14,1332000.0,957400.0
2026-07,D-037,Marcel Thorel,12,1141700.0,820600.0
2026-07,D-039,Marcel Thorel,6,570900.0,410300.0
2026-07,D-042,Marcel Thorel,25,2378600.0,1709600.0
2026-07,D-046,Marcel Thorel,15,1427200.0,1025800.0
2026-07,D-048,Marcel Thorel,7,666000.0,478700.0
2026-07,D-049,Marcel Thorel,19,1807800.0,1299300.0
2026-07,D-050,Marcel Thorel,23,2188300.0,1572900.0
2026-07,D-051,Marcel Thorel,10,951400.0,683900.0
2026-07,D-052,Marcel Thorel,39,3710600.0,2667000.0
2026-07,D-054,Marcel Thorel,14,1332000.0,957400.0
2026-07,D-055,Marcel Thorel,14,1332000.0,957400.0
2026-07,D-058,Marcel Thorel,4,380600.0,273500.0
2026-07,D-060,Marcel Thorel,5,475700.0,341900.0
2026-07,D-062,Marcel Thorel,24,2283500.0,1641200.0
2026-07,D-004,Mil Demonios,23,1618500.0,1128400.0
2026-07,D-007,Mil Demonios,18,1266600.0,883100.0
2026-07,D-008,Mil Demonios,4,281500.0,196200.0
2026-07,D-010,Mil Demonios,13,914800.0,637800.0
2026-07,D-011,Mil Demonios,5,351800.0,245300.0
2026-07,D-012,Mil Demonios,7,492600.0,343400.0
2026-07,D-014,Mil Demonios,11,774000.0,539600.0
2026-07,D-016,Mil Demonios,16,1125900.0,784900.0
2026-07,D-018,Mil Demonios,16,1125900.0,784900.0
2026-07,D-021,Mil Demonios,7,492600.0,343400.0
2026-07,D-023,Mil Demonios,7,492600.0,343400.0
2026-07,D-026,Mil Demonios,28,1970300.0,1373700.0
2026-07,D-028,Mil Demonios,16,1125900.0,784900.0
2026-07,D-031,Mil Demonios,10,703700.0,490600.0
2026-07,D-033,Mil Demonios,18,1266600.0,883100.0
2026-07,D-036,Mil Demonios,8,562900.0,392500.0
2026-07,D-037,Mil Demonios,6,422200.0,294400.0
2026-07,D-039,Mil Demonios,6,422200.0,294400.0
2026-07,D-040,Mil Demonios,20,1407400.0,981200.0
2026-07,D-042,Mil Demonios,15,1055500.0,735900.0
2026-07,D-043,Mil Demonios,10,703700.0,490600.0
2026-07,D-044,Mil Demonios,3,211100.0,147200.0
2026-07,D-045,Mil Demonios,15,1055500.0,735900.0
2026-07,D-046,Mil Demonios,5,351800.0,245300.0
2026-07,D-047,Mil Demonios,8,562900.0,392500.0
2026-07,D-048,Mil Demonios,7,492600.0,343400.0
2026-07,D-051,Mil Demonios,6,422200.0,294400.0
2026-07,D-052,Mil Demonios,11,774000.0,539600.0
2026-07,D-057,Mil Demonios,5,351800.0,245300.0
2026-07,D-058,Mil Demonios,10,703700.0,490600.0
2026-07,D-060,Mil Demonios,10,703700.0,490600.0
2026-07,D-061,Mil Demonios,5,351800.0,245300.0
2026-07,D-062,Mil Demonios,20,1407400.0,981200.0
2026-07,D-063,Mil Demonios,5,351800.0,245300.0
2026-08,D-004,Ron Defensor,40,6690500.0,4699300.0
2026-08,D-005,Ron Defensor,11,1839900.0,1292300.0
2026-08,D-010,Ron Defensor,48,8028600.0,5639100.0
2026-08,D-012,Ron Defensor,16,2676200.0,1879700.0
2026-08,D-017,Ron Defensor,10,1672600.0,1174800.0
2026-08,D-018,Ron Defensor,12,2007100.0,1409800.0
2026-08,D-020,Ron Defensor,3,501800.0,352400.0
2026-08,D-021,Ron Defensor,5,836300.0,587400.0
2026-08,D-026,Ron Defensor,19,3178000.0,2232200.0
2026-08,D-027,Ron Defensor,16,2676200.0,1879700.0
2026-08,D-028,Ron Defensor,26,4348800.0,3054500.0
2026-08,D-031,Ron Defensor,47,7861300.0,5521600.0
2026-08,D-035,Ron Defensor,8,1338100.0,939900.0
2026-08,D-036,Ron Defensor,18,3010700.0,2114700.0
2026-08,D-037,Ron Defensor,17,2843500.0,1997200.0
2026-08,D-041,Ron Defensor,4,669000.0,469900.0
2026-08,D-042,Ron Defensor,43,7192300.0,5051700.0
2026-08,D-051,Ron Defensor,19,3178000.0,2232200.0
2026-08,D-052,Ron Defensor,24,4014300.0,2819600.0
2026-08,D-053,Ron Defensor,10,1672600.0,1174800.0
2026-08,D-054,Ron Defensor,16,2676200.0,1879700.0
2026-08,D-055,Ron Defensor,16,2676200.0,1879700.0
2026-08,D-058,Ron Defensor,12,2007100.0,1409800.0
2026-08,D-060,Ron Defensor,16,2676200.0,1879700.0
2026-08,D-061,Ron Defensor,5,836300.0,587400.0
2026-08,D-062,Ron Defensor,20,3345200.0,2349600.0
2026-08,D-067,Ron Defensor,17,2843500.0,1997200.0
2026-08,D-068,Ron Defensor,12,2007100.0,1409800.0
2026-08,D-069,Ron Defensor,10,1672600.0,1174800.0
2026-08,D-012,Marcel Thorel,19,1816000.0,1305200.0
2026-08,D-016,Marcel Thorel,11,1051400.0,755700.0
2026-08,D-017,Marcel Thorel,4,382300.0,274800.0
2026-08,D-018,Marcel Thorel,53,5065700.0,3640900.0
2026-08,D-019,Marcel Thorel,22,2102700.0,1511300.0
2026-08,D-021,Marcel Thorel,19,1816000.0,1305200.0
2026-08,D-025,Marcel Thorel,7,669000.0,480900.0
2026-08,D-026,Marcel Thorel,18,1720400.0,1236500.0
2026-08,D-028,Marcel Thorel,22,2102700.0,1511300.0
2026-08,D-030,Marcel Thorel,9,860200.0,618300.0
2026-08,D-033,Marcel Thorel,54,5161200.0,3709600.0
2026-08,D-034,Marcel Thorel,10,955800.0,687000.0
2026-08,D-036,Marcel Thorel,12,1146900.0,824400.0
2026-08,D-037,Marcel Thorel,10,955800.0,687000.0
2026-08,D-040,Marcel Thorel,46,4396600.0,3160100.0
2026-08,D-041,Marcel Thorel,8,764600.0,549600.0
2026-08,D-042,Marcel Thorel,34,3249700.0,2335700.0
2026-08,D-043,Marcel Thorel,16,1529300.0,1099200.0
2026-08,D-045,Marcel Thorel,21,2007100.0,1442600.0
2026-08,D-046,Marcel Thorel,6,573500.0,412200.0
2026-08,D-051,Marcel Thorel,18,1720400.0,1236500.0
2026-08,D-052,Marcel Thorel,7,669000.0,480900.0
2026-08,D-054,Marcel Thorel,16,1529300.0,1099200.0
2026-08,D-058,Marcel Thorel,12,1146900.0,824400.0
2026-08,D-062,Marcel Thorel,18,1720400.0,1236500.0
2026-08,D-063,Marcel Thorel,8,764600.0,549600.0
2026-08,D-064,Marcel Thorel,2,191200.0,137400.0
2026-08,D-067,Marcel Thorel,11,1051400.0,755700.0
2026-08,D-068,Marcel Thorel,11,1051400.0,755700.0
2026-08,D-069,Marcel Thorel,17,1624800.0,1167800.0
2026-08,D-002,Mil Demonios,3,212100.0,147800.0
2026-08,D-004,Mil Demonios,11,777600.0,542100.0
2026-08,D-007,Mil Demonios,5,353400.0,246400.0
2026-08,D-012,Mil Demonios,9,636200.0,443500.0
2026-08,D-014,Mil Demonios,11,777600.0,542100.0
2026-08,D-016,Mil Demonios,12,848300.0,591400.0
2026-08,D-018,Mil Demonios,16,1131000.0,788500.0
2026-08,D-019,Mil Demonios,3,212100.0,147800.0
2026-08,D-023,Mil Demonios,12,848300.0,591400.0
2026-08,D-025,Mil Demonios,9,636200.0,443500.0
2026-08,D-026,Mil Demonios,22,1555100.0,1084200.0
2026-08,D-027,Mil Demonios,15,1060300.0,739200.0
2026-08,D-028,Mil Demonios,26,1837900.0,1281300.0
2026-08,D-031,Mil Demonios,11,777600.0,542100.0
2026-08,D-033,Mil Demonios,11,777600.0,542100.0
2026-08,D-035,Mil Demonios,10,706900.0,492800.0
2026-08,D-036,Mil Demonios,11,777600.0,542100.0
2026-08,D-039,Mil Demonios,4,282800.0,197100.0
2026-08,D-040,Mil Demonios,18,1272400.0,887100.0
2026-08,D-043,Mil Demonios,8,565500.0,394300.0
2026-08,D-045,Mil Demonios,10,706900.0,492800.0
2026-08,D-046,Mil Demonios,14,989600.0,690000.0
2026-08,D-047,Mil Demonios,5,353400.0,246400.0
2026-08,D-048,Mil Demonios,9,636200.0,443500.0
2026-08,D-049,Mil Demonios,5,353400.0,246400.0
2026-08,D-050,Mil Demonios,6,424100.0,295700.0
2026-08,D-051,Mil Demonios,12,848300.0,591400.0
2026-08,D-052,Mil Demonios,14,989600.0,690000.0
2026-08,D-054,Mil Demonios,28,1979300.0,1379900.0
2026-08,D-055,Mil Demonios,10,706900.0,492800.0
2026-08,D-057,Mil Demonios,7,494800.0,345000.0
2026-08,D-058,Mil Demonios,11,777600.0,542100.0
2026-08,D-060,Mil Demonios,15,1060300.0,739200.0
2026-08,D-062,Mil Demonios,13,918900.0,640700.0
2026-08,D-065,Mil Demonios,9,636200.0,443500.0
2026-08,D-066,Mil Demonios,9,636200.0,443500.0
2026-08,D-067,Mil Demonios,5,353400.0,246400.0
2026-08,D-068,Mil Demonios,15,1060300.0,739200.0
2026-08,D-069,Mil Demonios,6,424100.0,295700.0
