mes,canal,inversion
2023-01,Google y SEO,508000.0
2023-01,Instagram y Meta,1034000.0
2023-01,Eventos y experiencias,3949000.0
2023-01,Contenido e influenciadores,1028000.0
2023-01,Beneficios de Mi Círculo,0.0
2023-02,Google y SEO,590000.0
2023-02,Instagram y Meta,1246000.0
2023-02,Eventos y experiencias,3657000.0
2023-02,Contenido e influenciadores,1004000.0
2023-02,Beneficios de Mi Círculo,0.0
2023-03,Google y SEO,751000.0
2023-03,Instagram y Meta,1350000.0
2023-03,Eventos y experiencias,3491000.0
2023-03,Contenido e influenciadores,1154000.0
2023-03,Beneficios de Mi Círculo,0.0
2023-04,Google y SEO,925000.0
2023-04,Instagram y Meta,1296000.0
2023-04,Eventos y experiencias,3899000.0
2023-04,Contenido e influenciadores,1175000.0
2023-04,Beneficios de Mi Círculo,0.0
2023-05,Google y SEO,871000.0
2023-05,Instagram y Meta,1514000.0
2023-05,Eventos y experiencias,3697000.0
2023-05,Contenido e influenciadores,1222000.0
2023-05,Beneficios de Mi Círculo,0.0
2023-06,Google y SEO,1083000.0
2023-06,Instagram y Meta,1843000.0
2023-06,Eventos y experiencias,4020000.0
2023-06,Contenido e influenciadores,1233000.0
2023-06,Beneficios de Mi Círculo,0.0
2023-07,Google y SEO,1100000.0
2023-07,Instagram y Meta,1586000.0
2023-07,Eventos y experiencias,3816000.0
2023-07,Contenido e influenciadores,1330000.0
2023-07,Beneficios de Mi Círculo,0.0
2023-08,Google y SEO,1157000.0
2023-08,Instagram y Meta,1547000.0
2023-08,Eventos y experiencias,4438000.0
2023-08,Contenido e influenciadores,1402000.0
2023-08,Beneficios de Mi Círculo,0.0
2023-09,Google y SEO,1385000.0
2023-09,Instagram y Meta,1777000.0
2023-09,Eventos y experiencias,4403000.0
2023-09,Contenido e influenciadores,1335000.0
2023-09,Beneficios de Mi Círculo,0.0
2023-10,Google y SEO,2548000.0
2023-10,Instagram y Meta,1984000.0
2023-10,Eventos y experiencias,4472000.0
2023-10,Contenido e influenciadores,1362000.0
2023-10,Beneficios de Mi Círculo,0.0
2023-11,Google y SEO,2737000.0
2023-11,Instagram y Meta,2719000.0
2023-11,Eventos y experiencias,4172000.0
2023-11,Contenido e influenciadores,1419000.0
2023-11,Beneficios de Mi Círculo,0.0
2023-12,Google y SEO,3902000.0
2023-12,Instagram y Meta,3236000.0
2023-12,Eventos y experiencias,8107000.0
2023-12,Contenido e influenciadores,1510000.0
2023-12,Beneficios de Mi Círculo,0.0
2024-01,Google y SEO,2343000.0
2024-01,Instagram y Meta,1776000.0
2024-01,Eventos y experiencias,4724000.0
2024-01,Contenido e influenciadores,1638000.0
2024-01,Beneficios de Mi Círculo,0.0
2024-02,Google y SEO,2831000.0
2024-02,Instagram y Meta,2007000.0
2024-02,Eventos y experiencias,4173000.0
2024-02,Contenido e influenciadores,1452000.0
2024-02,Beneficios de Mi Círculo,0.0
2024-03,Google y SEO,3124000.0
2024-03,Instagram y Meta,2559000.0
2024-03,Eventos y experiencias,4831000.0
2024-03,Contenido e influenciadores,1760000.0
2024-03,Beneficios de Mi Círculo,0.0
2024-04,Google y SEO,2979000.0
2024-04,Instagram y Meta,2488000.0
2024-04,Eventos y experiencias,4705000.0
2024-04,Contenido e influenciadores,1498000.0
2024-04,Beneficios de Mi Círculo,0.0
2024-05,Google y SEO,3828000.0
2024-05,Instagram y Meta,2564000.0
2024-05,Eventos y experiencias,4670000.0
2024-05,Contenido e influenciadores,1665000.0
2024-05,Beneficios de Mi Círculo,0.0
2024-06,Google y SEO,3959000.0
2024-06,Instagram y Meta,3144000.0
2024-06,Eventos y experiencias,4680000.0
2024-06,Contenido e influenciadores,1741000.0
2024-06,Beneficios de Mi Círculo,0.0
2024-07,Google y SEO,3659000.0
2024-07,Instagram y Meta,2847000.0
2024-07,Eventos y experiencias,4434000.0
2024-07,Contenido e influenciadores,1694000.0
2024-07,Beneficios de Mi Círculo,0.0
2024-08,Google y SEO,4122000.0
2024-08,Instagram y Meta,2972000.0
2024-08,Eventos y experiencias,4520000.0
2024-08,Contenido e influenciadores,1857000.0
2024-08,Beneficios de Mi Círculo,0.0
2024-09,Google y SEO,4734000.0
2024-09,Instagram y Meta,3327000.0
2024-09,Eventos y experiencias,4955000.0
2024-09,Contenido e influenciadores,2010000.0
2024-09,Beneficios de Mi Círculo,0.0
2024-10,Google y SEO,3918000.0
2024-10,Instagram y Meta,2984000.0
2024-10,Eventos y experiencias,4693000.0
2024-10,Contenido e influenciadores,2097000.0
2024-10,Beneficios de Mi Círculo,0.0
2024-11,Google y SEO,4441000.0
2024-11,Instagram y Meta,3511000.0
2024-11,Eventos y experiencias,4950000.0
2024-11,Contenido e influenciadores,1881000.0
2024-11,Beneficios de Mi Círculo,0.0
2024-12,Google y SEO,6222000.0
2024-12,Instagram y Meta,4256000.0
2024-12,Eventos y experiencias,9168000.0
2024-12,Contenido e influenciadores,2193000.0
2024-12,Beneficios de Mi Círculo,0.0
2025-01,Google y SEO,4233000.0
2025-01,Instagram y Meta,2911000.0
2025-01,Eventos y experiencias,5514000.0
2025-01,Contenido e influenciadores,2097000.0
2025-01,Beneficios de Mi Círculo,0.0
2025-02,Google y SEO,6521000.0
2025-02,Instagram y Meta,4687000.0
2025-02,Eventos y experiencias,5508000.0
2025-02,Contenido e influenciadores,2095000.0
2025-02,Beneficios de Mi Círculo,0.0
2025-03,Google y SEO,9283000.0
2025-03,Instagram y Meta,5469000.0
2025-03,Eventos y experiencias,4933000.0
2025-03,Contenido e influenciadores,2373000.0
2025-03,Beneficios de Mi Círculo,0.0
2025-04,Google y SEO,10730000.0
2025-04,Instagram y Meta,7361000.0
2025-04,Eventos y experiencias,5890000.0
2025-04,Contenido e influenciadores,2447000.0
2025-04,Beneficios de Mi Círculo,0.0
2025-05,Google y SEO,13413000.0
2025-05,Instagram y Meta,8811000.0
2025-05,Eventos y experiencias,5298000.0
2025-05,Contenido e influenciadores,2426000.0
2025-05,Beneficios de Mi Círculo,0.0
2025-06,Google y SEO,15240000.0
2025-06,Instagram y Meta,10608000.0
2025-06,Eventos y experiencias,5957000.0
2025-06,Contenido e influenciadores,2678000.0
2025-06,Beneficios de Mi Círculo,0.0
2025-07,Google y SEO,14471000.0
2025-07,Instagram y Meta,9259000.0
2025-07,Eventos y experiencias,5829000.0
2025-07,Contenido e influenciadores,2552000.0
2025-07,Beneficios de Mi Círculo,0.0
2025-08,Google y SEO,16550000.0
2025-08,Instagram y Meta,9129000.0
2025-08,Eventos y experiencias,6047000.0
2025-08,Contenido e influenciadores,2853000.0
2025-08,Beneficios de Mi Círculo,0.0
2025-09,Google y SEO,17799000.0
2025-09,Instagram y Meta,12653000.0
2025-09,Eventos y experiencias,32815000.0
2025-09,Contenido e influenciadores,2611000.0
2025-09,Beneficios de Mi Círculo,0.0
2025-10,Google y SEO,18932000.0
2025-10,Instagram y Meta,12224000.0
2025-10,Eventos y experiencias,6260000.0
2025-10,Contenido e influenciadores,2479000.0
2025-10,Beneficios de Mi Círculo,0.0
2025-11,Google y SEO,21629000.0
2025-11,Instagram y Meta,12681000.0
2025-11,Eventos y experiencias,6857000.0
2025-11,Contenido e influenciadores,2789000.0
2025-11,Beneficios de Mi Círculo,0.0
2025-12,Google y SEO,28869000.0
2025-12,Instagram y Meta,16017000.0
2025-12,Eventos y experiencias,11627000.0
2025-12,Contenido e influenciadores,2610000.0
2025-12,Beneficios de Mi Círculo,0.0
2026-01,Google y SEO,13781000.0
2026-01,Instagram y Meta,9456000.0
2026-01,Eventos y experiencias,6086000.0
2026-01,Contenido e influenciadores,3208000.0
2026-01,Beneficios de Mi Círculo,0.0
2026-02,Google y SEO,16698000.0
2026-02,Instagram y Meta,9170000.0
2026-02,Eventos y experiencias,7234000.0
2026-02,Contenido e influenciadores,2805000.0
2026-02,Beneficios de Mi Círculo,0.0
2026-03,Google y SEO,16305000.0
2026-03,Instagram y Meta,10592000.0
2026-03,Eventos y experiencias,6188000.0
2026-03,Contenido e influenciadores,3421000.0
2026-03,Beneficios de Mi Círculo,0.0
2026-04,Google y SEO,17176000.0
2026-04,Instagram y Meta,11180000.0
2026-04,Eventos y experiencias,6328000.0
2026-04,Contenido e influenciadores,3158000.0
2026-04,Beneficios de Mi Círculo,0.0
2026-05,Google y SEO,17527000.0
2026-05,Instagram y Meta,12698000.0
2026-05,Eventos y experiencias,7542000.0
2026-05,Contenido e influenciadores,3057000.0
2026-05,Beneficios de Mi Círculo,0.0
2026-06,Google y SEO,18493000.0
2026-06,Instagram y Meta,12741000.0
2026-06,Eventos y experiencias,7156000.0
2026-06,Contenido e influenciadores,3045000.0
2026-06,Beneficios de Mi Círculo,0.0
2026-07,Google y SEO,15129000.0
2026-07,Instagram y Meta,10986000.0
2026-07,Eventos y experiencias,7541000.0
2026-07,Contenido e influenciadores,3173000.0
2026-07,Beneficios de Mi Círculo,0.0
2026-08,Google y SEO,15159000.0
2026-08,Instagram y Meta,9732000.0
2026-08,Eventos y experiencias,7765000.0
2026-08,Contenido e influenciadores,3828000.0
2026-08,Beneficios de Mi Círculo,0.0
